{
    "lengths": [
        512,
        1024,
        2048,
        4096,
        8192
    ],
    "HGDM_Tokens_Per_Sec": [
        48054.341493869244,
        55282.75893315691,
        57640.103538250274,
        60117.1249518412,
        61246.339283239475
    ],
    "HGDM_VRAM_MB": [
        1894,
        2640,
        3788,
        6128,
        11350
    ],
    "Transformer_Tokens_Per_Sec": [
        61503.40520957141,
        60462.734132986654,
        51847.649994914784,
        39644.07102942452,
        26584.031454193184
    ],
    "Transformer_VRAM_MB": [
        1894,
        2640,
        3786,
        6778,
        12144
    ]
}