{
    "10M": {
        "parameters": 2032821,
        "val_loss": 1.7305506122112275,
        "bpb": 2.4966567862444977
    },
    "35M": {
        "parameters": 11685665,
        "val_loss": 1.4850792813301086,
        "bpb": 2.1425165145018936
    },
    "120M": {
        "parameters": 125817637,
        "val_loss": 1.6423506319522858,
        "bpb": 2.369411112118418
    }
}