{
    "lengths": [
        512,
        2048,
        4096
    ],
    "fused": {
        "speed": [
            84302.32271842222,
            102080.41944795345,
            105858.09598161333
        ],
        "vram": [
            1186,
            1366,
            1554
        ]
    },
    "sequential": {
        "speed": [
            1550.283791083826,
            1561.244922552938,
            1565.6476486600143
        ],
        "vram": [
            1194,
            1208,
            1272
        ]
    }
}