{
    "baseline": {
        "final_loss": 3.443763256072998,
        "mean_loss_last_50": 3.433005232810974,
        "time": 3.310237407684326,
        "throughput": 185606.02287127284,
        "peak_vram": 399.8896484375,
        "losses": [
            229.00341796875,
            185.5418701171875,
            82.92489624023438,
            33.61193084716797,
            39.1061897277832,
            39.473628997802734,
            35.32472610473633,
            29.188840866088867,
            25.711191177368164,
            24.094215393066406,
            23.926599502563477,
            20.49765396118164,
            20.548307418823242,
            16.477684020996094,
            19.560882568359375,
            20.331987380981445,
            18.158660888671875,
            17.078086853027344,
            15.145064353942871,
            14.574995040893555,
            13.658342361450195,
            12.485199928283691,
            12.834572792053223,
            12.809768676757812,
            13.113990783691406,
            14.183836936950684,
            11.876398086547852,
            12.953088760375977,
            11.903802871704102,
            11.61545181274414,
            13.859060287475586,
            14.135513305664062,
            13.406868934631348,
            13.176335334777832,
            12.227179527282715,
            10.984506607055664,
            10.206134796142578,
            8.972274780273438,
            9.226908683776855,
            8.50015926361084,
            8.522107124328613,
            8.39607048034668,
            7.36232852935791,
            8.226377487182617,
            8.312745094299316,
            6.634803771972656,
            7.418007850646973,
            7.577264785766602,
            6.501192092895508,
            5.821990966796875,
            5.814640045166016,
            5.583477020263672,
            6.715473175048828,
            4.95800256729126,
            5.801200866699219,
            4.845273971557617,
            7.406303405761719,
            5.363309860229492,
            4.590625762939453,
            5.556880950927734,
            5.1552581787109375,
            5.759067535400391,
            4.375837326049805,
            4.771371841430664,
            5.341091156005859,
            4.8659515380859375,
            4.828128814697266,
            4.513883590698242,
            4.921848297119141,
            4.913595199584961,
            4.18145751953125,
            3.8996477127075195,
            4.360204696655273,
            4.196964263916016,
            4.752178192138672,
            4.178377151489258,
            4.08404541015625,
            4.278076171875,
            4.589316368103027,
            3.8965954780578613,
            3.5208988189697266,
            4.697357177734375,
            3.774089813232422,
            4.377225875854492,
            3.802703857421875,
            3.838275909423828,
            3.6969661712646484,
            3.737916946411133,
            4.02568244934082,
            4.432949066162109,
            4.024383544921875,
            4.091142654418945,
            3.78104305267334,
            3.67264461517334,
            4.426155090332031,
            4.18963623046875,
            3.7015457153320312,
            3.9563331604003906,
            3.8103904724121094,
            3.5315380096435547,
            3.9098434448242188,
            3.881193161010742,
            3.816211700439453,
            4.48100471496582,
            5.123857498168945,
            4.542898178100586,
            5.066760063171387,
            4.01725959777832,
            3.832047462463379,
            4.229228973388672,
            4.1562347412109375,
            4.03690242767334,
            4.178371429443359,
            3.9462928771972656,
            3.862386703491211,
            3.699448347091675,
            3.5586769580841064,
            4.212780952453613,
            4.1554107666015625,
            4.126983642578125,
            3.778888702392578,
            4.088014602661133,
            3.9896459579467773,
            3.6591796875,
            3.522787094116211,
            3.603628158569336,
            3.590304374694824,
            3.4669933319091797,
            3.55491304397583,
            3.4624481201171875,
            3.4025959968566895,
            3.514124870300293,
            3.411341667175293,
            3.9410133361816406,
            3.529939651489258,
            3.591540575027466,
            4.611776351928711,
            3.7047595977783203,
            3.6064329147338867,
            3.9997997283935547,
            4.269317626953125,
            4.491313934326172,
            5.430453300476074,
            4.702837944030762,
            4.074562072753906,
            4.27703857421875,
            4.8255534172058105,
            4.8885698318481445,
            4.653994560241699,
            4.342254638671875,
            4.560207366943359,
            4.2154388427734375,
            4.474310874938965,
            3.834218978881836,
            3.7711079120635986,
            4.150876045227051,
            3.8568596839904785,
            3.5859270095825195,
            3.6683640480041504,
            3.880740165710449,
            4.493993759155273,
            4.087646484375,
            3.7631561756134033,
            3.694003105163574,
            4.167908668518066,
            3.6673412322998047,
            4.077635765075684,
            4.718599319458008,
            3.764333724975586,
            3.4708900451660156,
            3.859151840209961,
            3.9305953979492188,
            4.311588287353516,
            3.3510582447052,
            3.787417411804199,
            5.03826904296875,
            4.350362777709961,
            4.0512237548828125,
            4.222287178039551,
            4.0296173095703125,
            3.713472366333008,
            3.602977752685547,
            3.6524085998535156,
            4.540229797363281,
            3.656665802001953,
            4.040012359619141,
            3.550466537475586,
            3.7842769622802734,
            3.5610828399658203,
            3.5960559844970703,
            3.657297134399414,
            3.8508434295654297,
            3.726696014404297,
            3.642515182495117,
            3.499741792678833,
            3.7473220825195312,
            3.4128971099853516,
            3.5671443939208984,
            3.7657365798950195,
            3.6343612670898438,
            3.4850540161132812,
            3.9688720703125,
            3.512948989868164,
            3.5179061889648438,
            3.562124252319336,
            3.6821670532226562,
            3.4188308715820312,
            3.419393539428711,
            3.756866455078125,
            3.620626449584961,
            3.565124750137329,
            3.460756301879883,
            3.6432628631591797,
            3.4308319091796875,
            3.530193328857422,
            3.495859146118164,
            4.133929252624512,
            3.3221681118011475,
            3.291269302368164,
            3.5004944801330566,
            3.8544921875,
            3.4253273010253906,
            3.7466602325439453,
            3.4803714752197266,
            3.656217575073242,
            3.820345878601074,
            3.3372135162353516,
            3.4495182037353516,
            3.2091197967529297,
            3.1593685150146484,
            3.710855484008789,
            3.5368804931640625,
            3.3298473358154297,
            3.3795413970947266,
            3.129413604736328,
            3.4200172424316406,
            3.6121978759765625,
            3.2183895111083984,
            3.2837066650390625,
            3.1444225311279297,
            3.415081024169922,
            3.40364933013916,
            3.7143611907958984,
            3.6194210052490234,
            3.6857547760009766,
            3.7622969150543213,
            3.2587757110595703,
            3.368236541748047,
