{
    "full": {
        "losses": [
            [
                0,
                18.872949600219727
            ],
            [
                100,
                2.647106170654297
            ],
            [
                200,
                2.5227439403533936
            ],
            [
                300,
                2.5302069187164307
            ],
            [
                400,
                2.474575996398926
            ],
            [
                500,
                2.479666233062744
            ],
            [
                600,
                2.499574899673462
            ],
            [
                700,
                2.482879638671875
            ],
            [
                800,
                2.3388965129852295
            ],
            [
                900,
                2.3046391010284424
            ],
            [
                1000,
                2.246070623397827
            ],
            [
                1100,
                2.1909496784210205
            ],
            [
                1200,
                2.170684337615967
            ],
            [
                1300,
                2.087127447128296
            ],
            [
                1400,
                2.044964551925659
            ],
            [
                1500,
                1.8919706344604492
            ],
            [
                1600,
                1.907362699508667
            ],
            [
                1700,
                1.775386929512024
            ],
            [
                1800,
                1.7654767036437988
            ],
            [
                1900,
                1.8419723510742188
            ]
        ],
        "bpbs": [
            [
                0,
                27.227910795184346
            ],
            [
                100,
                3.8189669451095285
            ],
            [
                200,
                3.639550172180524
            ],
            [
                300,
                3.6503169740551393
            ],
            [
                400,
                3.570058518307596
            ],
            [
                500,
                3.5774021774994376
            ],
            [
                600,
                3.606124312089432
            ],
            [
                700,
                3.5820381418360956
            ],
            [
                800,
                3.3743144004362797
            ],
            [
                900,
                3.3248914020925326
            ],
            [
                1000,
                3.240394949862428
            ],
            [
                1100,
                3.1608722358952757
            ],
            [
                1200,
                3.1316355292139
            ],
            [
                1300,
                3.011088417675235
            ],
            [
                1400,
                2.9502602178568695
            ],
            [
                1500,
                2.729536651843636
            ],
            [
                1600,
                2.75174270775774
            ],
            [
                1700,
                2.5613419188660806
            ],
            [
                1800,
                2.5470444851519027
            ],
            [
                1900,
                2.65740437634936
            ]
        ]
    },
    "flat": {
        "losses": [
            [
                0,
                18.547414779663086
            ],
            [
                100,
                2.6188011169433594
            ],
            [
                200,
                2.586851119995117
            ],
            [
                300,
                2.4917187690734863
            ],
            [
                400,
                2.488483190536499
            ],
            [
                500,
                2.497642993927002
            ],
            [
                600,
                2.459962844848633
            ],
            [
                700,
                2.4737708568573
            ],
            [
                800,
                2.4480626583099365
            ],
            [
                900,
                2.3268866539001465
            ],
            [
                1000,
                2.2624075412750244
            ],
            [
                1100,
                2.237135410308838
            ],
            [
                1200,
                2.1264209747314453
            ],
            [
                1300,
                2.1142783164978027
            ],
            [
                1400,
                2.0743215084075928
            ],
            [
                1500,
                1.8931478261947632
            ],
            [
                1600,
                1.9503891468048096
            ],
            [
                1700,
                1.9106935262680054
            ],
            [
                1800,
                1.8253775835037231
            ],
            [
                1900,
                1.7668817043304443
            ]
        ],
        "bpbs": [
            [
                0,
                26.7582633239306
            ],
            [
                100,
                3.778131384488663
            ],
            [
                200,
                3.7320372823350163
            ],
            [
                300,
                3.5947903114322712
            ],
            [
                400,
                3.5901223583225526
            ],
            [
                500,
                3.603337161249549
            ],
            [
                600,
                3.548976197034229
            ],
            [
                700,
                3.5688969474836685
            ],
            [
                800,
                3.5318078569291984
            ],
            [
                900,
                3.356987836292455
            ],
            [
                1000,
                3.2639641402672708
            ],
            [
                1100,
                3.227504162249657
            ],
            [
                1200,
                3.067776995087332
            ],
            [
                1300,
                3.050258842270446
            ],
            [
                1400,
                2.9926133533889483
            ],
            [
                1500,
                2.731234980520906
            ],
            [
                1600,
                2.8138167498989555
            ],
            [
                1700,
                2.756548075005498
            ],
            [
                1800,
                2.633463187470701
            ],
            [
                1900,
                2.5490714726749717
            ]
        ]
    },