{
    "seq_lengths": [
        512,
        1024,
        2048,
        4096,
        8192
    ],
    "HGDM": {
        "memory": [
            2657.91064453125,
            2873.26416015625,
            3691.12744140625,
            5340.35400390625,
            8678.43212890625
        ],
        "throughput": [
            6288.392864881834,
            7049.393888662387,
            8434.178922993298,
            10091.538341617505,
            10554.153283841062
        ]
    },
    "Transformer": {
        "memory": [
            2719.8017578125,
            3948.5205078125,
            8490.2080078125,
            null,
            null
        ],
        "throughput": [
            7274.173381708508,
            6784.463911116054,
            4894.686564735231,
            null,
            null
        ]
    }
}